[{
    "country": "USA",
    "visits": 3000
}, {
    "country": "China",
    "visits": 2801
}, {
    "country": "Japan",
    "visits": 1964
}, {
    "country": "Germany",
    "visits": 1253
}, {
    "country": "UK",
    "visits": 800
}, {
    "country": "France",
    "visits": 1445
}, {
    "country": "India",
    "visits": 1234
}, {
    "country": "Spain",
    "visits": 985
}, {
    "country": "Netherlands",
    "visits": 861
}, {
    "country": "Russia",
    "visits": 549
}, {
    "country": "South Korea",
    "visits": 88
}, {
    "country": "Canada",
    "visits": 103
}, {
    "country": "Brazil",
    "visits": 321
}]