[{
    "country": "USA",
    "visits": 1511
}, {
    "country": "China",
    "visits": 600
}, {
    "country": "Japan",
    "visits": 2500
}, {
    "country": "Germany",
    "visits": 1001
}, {
    "country": "UK",
    "visits": 885
}, {
    "country": "France",
    "visits": 1600
}, {
    "country": "India",
    "visits": 452
}, {
    "country": "Spain",
    "visits": 459
}, {
    "country": "Netherlands",
    "visits": 389
}, {
    "country": "Russia",
    "visits": 800
}, {
    "country": "South Korea",
    "visits": 301
}, {
    "country": "Canada",
    "visits": 209
}, {
    "country": "Brazil",
    "visits": 102
}]