[
{
    "Prefecture": "Fukushima-ken",
    "1920": 1508150
},
{
    "Prefecture": "Nagano-ken",
    "1920": 1717118
},
{
    "Prefecture": "Aomori-ken",
    "1920": 879914
},
{
    "Prefecture": "Gumma-ken",
    "1920": 1186080
},
{
    "Prefecture": "Osaka-fu",
    "1920": 3540017
},
{
    "Prefecture": "Kyoto-fu",
    "1920": 1552832
},
{
    "Prefecture": "Shiga-ken",
    "1920": 691631
},
{
    "Prefecture": "Kagawa-ken",
    "1920": 732816
},
{
    "Prefecture": "Chiba-ken",
    "1920": 1470121
},
{
    "Prefecture": "Hyogo-ken",
    "1920": 2646301
},
{
    "Prefecture": "Miyagi-ken",
    "1920": 1142784
},
{
    "Prefecture": "Tochigi-ken",
    "1920": 1141737
},
{
    "Prefecture": "Yamaguchi-ken",
    "1920": 1135637
}]