[
{
    "Prefecture": "Fukushima-ken",
    "1920": 1437596
},
{
    "Prefecture": "Nagano-ken",
    "1920": 1629217
},
{
    "Prefecture": "Aomori-ken",
    "1920": 812977
},
{
    "Prefecture": "Gumma-ken",
    "1920": 1118858
},
{
    "Prefecture": "Osaka-fu",
    "1920": 3059502
},
{
    "Prefecture": "Kyoto-fu",
    "1920": 1406382
},
{
    "Prefecture": "Shiga-ken",
    "1920": 662412
},
{
    "Prefecture": "Kagawa-ken",
    "1920": 700308
},
{
    "Prefecture": "Chiba-ken",
    "1920": 1399257
},
{
    "Prefecture": "Hyogo-ken",
    "1920": 2454679
},
{
    "Prefecture": "Miyagi-ken",
    "1920": 1044036
},
{
    "Prefecture": "Tochigi-ken",
    "1920": 1090428
},
{
    "Prefecture": "Yamaguchi-ken",
    "1920": 1094544
}]