[
{
    "Prefecture": "Fukushima-ken",
    "1920": 1362750
},
{
    "Prefecture": "Nagano-ken",
    "1920": 1562722
},
{
    "Prefecture": "Aomori-ken",
    "1920": 756454
},
{
    "Prefecture": "Gumma-ken",
    "1920": 1052610
},
{
    "Prefecture": "Osaka-fu",
    "1920": 2587847
},
{
    "Prefecture": "Kyoto-fu",
    "1920": 1287147
},
{
    "Prefecture": "Shiga-ken",
    "1920": 651050
},
{
    "Prefecture": "Kagawa-ken",
    "1920": 677852
},
{
    "Prefecture": "Chiba-ken",
    "1920": 1336155
},
{
    "Prefecture": "Hyogo-ken",
    "1920": 2301799
},
{
    "Prefecture": "Miyagi-ken",
    "1920": 961768
},
{
    "Prefecture": "Tochigi-ken",
    "1920": 1046479
},
{
    "Prefecture": "Yamaguchi-ken",
    "1920": 1041013
}]