[{"2010":"管理的職業従事者","Male":1221747,"Female":198477},
{"2010":"専門的・技術的職業従事者","Male":4567476,"Female":4066437},
{"2010":"事務従事者","Male":4411634,"Female":6569746},
{"2010":"販売従事者","Male":4633481,"Female":3370264},
{"2010":"サービス職業従事者","Male":2227148,"Female":4618351},
{"2010":"保安職業従事者","Male":1004580,"Female":60018},
{"2010":"農林漁業従事者","Male":1450966,"Female":877156},
{"2010":"生産工程従事者","Male":6002384,"Female":2469102},
{"2010":"輸送・機械運転従事者","Male":2027522,"Female":60924},
{"2010":"建設・採掘従事者","Male":2620524,"Female":55245},
{"2010":"運搬・清掃・包装等従事者","Male":1954839,"Female":1751580},
{"2010":"分類不能の職業","Male":1967328,"Female":1424382}]